{"cameraMode":{"drawMode":2,"name":"Shaded Wireframe","section":"Shading Mode"},"sceneLighting":true,"audioPlay":false,"sceneViewState":{"showFog":true,"showMaterialUpdate":false,"showSkybox":false,"showFlares":true,"showImageEffects":true,"showParticleSystems":true},"in2DMode":false,"pivot":{"x":61.881813049316409,"y":29.60977554321289,"z":131.37123107910157},"rotation":{"x":-0.08906688541173935,"y":0.3675808608531952,"z":0.03539331257343292,"w":0.9250398874282837},"size":127.56167602539063,"orthographic":false}